frame_no,nose.x,nose.y,nose.prob,l.eye.x,l.eye.y,l.eye.prob,r.eye.x,r.eye.y,r.eye.prob,l.ear.x,l.ear.y,l.ear.prob,r.ear.x,r.ear.y,r.ear.prob,l.shoulder.x,l.shoulder.y,l.shoulder.prob,r.shoulder.x,r.shoulder.y,r.shoulder.prob,l.elbow.x,l.elbow.y,l.elbow.prob,r.elbow.x,r.elbow.y,r.elbow.prob,l.wrist.x,l.wrist.y,l.wrist.prob,r.wrist.x,r.wrist.y,r.wrist.prob,l.hip.x,l.hip.y,l.hip.prob,r.hip.x,r.hip.y,r.hip.prob,l.knee.x,l.knee.y,l.knee.prob,r.knee.x,r.knee.y,r.knee.prob,l.ankle.x,l.ankle.y,l.ankle.prob,r.ankle.x,r.ankle.y,r.ankle.prob
1,,,,,,,,,,,,,,,,,,,,,,,,,,,,,,,,,,,,,,,,,,,,,,,,,,,
2,301.511287689209,394.4069480895996,0.8695259094238281,330.49755096435547,363.7530040740967,0.8815216422080994,264.69823837280273,362.5169563293457,0.8688639998435974,356.2217712402344,378.7635040283203,0.3448760211467743,210.4066276550293,376.07142448425293,0.9447752833366394,370.4774475097656,544.288444519043,0.0010000000474974513,121.1617660522461,507.5287055969238,0.0010000000474974513,369.3088150024414,571.8028450012207,0.000840267981402576,70.00814914703369,581.576042175293,0.0010000000474974513,369.3088150024414,571.8028450012207,9.999999747378752e-06,119.89975929260254,495.7994270324707,0.00010345612827222794,370.4774475097656,544.288444519043,9.999999747378752e-06,121.07603073120117,706.1591148376465,0.0010000000474974513,370.4774475097656,544.288444519043,9.999999747378752e-06,121.07603073120117,706.1591148376465,9.999999747378752e-06,370.4774475097656,544.288444519043,9.999999747378752e-06,121.07603073120117,706.1591148376465,9.999999747378752e-06
3,282.69914627075195,378.1894111633301,0.9274354577064514,309.8724555969238,348.7272262573242,0.971720278263092,245.82504272460938,352.1418285369873,0.9056817889213562,338.07701110839844,367.00404167175293,0.6738129258155823,195.99782943725586,373.3689308166504,0.9050346612930298,374.19437408447266,535.708065032959,0.0010000000474974513,113.96894454956055,505.5429267883301,0.0010000000474974513,419.1471481323242,580.982608795166,0.0010000000474974513,75.66533088684082,578.4333801269531,0.0010000000474974513,419.1471481323242,580.982608795166,9.999999747378752e-06,130.4996681213379,489.2584991455078,0.0001297245325986296,270.7518005371094,655.0219345092773,0.0007756494451314211,131.4721393585205,718.513011932373,0.0010000000474974513,270.7518005371094,655.0219345092773,9.999999747378752e-06,131.4721393585205,718.513011932373,9.999999747378752e-06,270.7518005371094,655.0219345092773,9.999999747378752e-06,131.4721393585205,718.513011932373,9.999999747378752e-06
4,291.1427307128906,357.9095649719238,0.9086000919342041,315.78088760375977,334.17162895202637,0.9630426168441772,259.5214653015137,330.0669765472412,0.8569782972335815,336.0649871826172,350.9502983093262,0.0010000000474974513,206.97376251220703,347.8234004974365,0.7965988516807556,372.27100372314453,483.544864654541,0.0010000000474974513,113.8729476928711,499.0422248840332,0.0010000000474974513,449.8351287841797,588.4290504455566,0.0010000000474974513,55.914082527160645,592.2820472717285,0.0010000000474974513,392.7050018310547,492.19905853271484,0.00013216771185398102,89.0682601928711,471.0069179534912,0.00010920794738922268,333.1980514526367,744.5633697509766,0.0010000000474974513,125.32395362854004,736.2625694274902,0.0010000000474974513,333.1980514526367,744.5633697509766,9.999999747378752e-06,125.32395362854004,736.2625694274902,9.999999747378752e-06,333.1980514526367,744.5633697509766,9.999999747378752e-06,125.32395362854004,736.2625694274902,9.999999747378752e-06
5,,,,,,,,,,,,,,,,,,,,,,,,,,,,,,,,,,,,,,,,,,,,,,,,,,,
6,,,,,,,,,,,,,,,,,,,,,,,,,,,,,,,,,,,,,,,,,,,,,,,,,,,
7,235.4661750793457,110.20347833633423,0.9500910639762878,270.3549575805664,105.07239818572998,1.020925760269165,222.21660614013672,65.22109508514404,0.9357982873916626,271.0907554626465,136.27684593200684,0.0010000000474974513,154.64869499206543,47.33543872833252,0.8722518682479858,177.44140625,269.7329807281494,0.0010000000474974513,-36.50016784667969,148.46646308898926,0.0010000000474974513,110.28118133544922,496.2135314941406,0.0010000000474974513,-13.287186622619629,304.4819927215576,0.0010000000474974513,110.28118133544922,496.2135314941406,9.999999747378752e-06,41.66699409484863,411.99883460998535,0.0009167109965346754,-158.19168090820312,499.03696060180664,0.0010000000474974513,-101.93390846252441,529.1174697875977,0.0010000000474974513,-158.19168090820312,499.03696060180664,9.999999747378752e-06,-101.93390846252441,529.1174697875977,9.999999747378752e-06,-158.19168090820312,499.03696060180664,9.999999747378752e-06,-101.93390846252441,529.1174697875977,9.999999747378752e-06
8,220.52051544189453,103.75837326049805,0.9485580325126648,250.76976776123047,92.05091714859009,0.8674324154853821,203.7151336669922,58.333786725997925,0.8352056741714478,256.8074417114258,119.55290079116821,0.0010000000474974513,133.58891487121582,41.9612181186676,0.8277878761291504,161.71085357666016,272.0657730102539,0.0010000000474974513,-59.1156005859375,167.84870624542236,0.0010000000474974513,127.35662460327148,432.6390838623047,0.0010000000474974513,1.4095985889434814,365.95404624938965,0.0010000000474974513,64.62326526641846,555.6283378601074,0.0010000000474974513,30.550506114959717,498.0887031555176,0.00033714438905008137,-97.56935119628906,526.7259407043457,0.0010000000474974513,-100.433349609375,524.5980262756348,0.0010000000474974513,-97.56935119628906,526.7259407043457,9.999999747378752e-06,-100.433349609375,524.5980262756348,9.999999747378752e-06,-97.56935119628906,526.7259407043457,9.999999747378752e-06,-100.433349609375,524.5980262756348,9.999999747378752e-06
9,224.69316482543945,106.00176572799683,0.9243523478507996,261.13718032836914,96.1762547492981,1.0086663961410522,210.4759979248047,56.437329053878784,0.941007673740387,266.7597198486328,122.28358268737793,0.0010000000474974513,139.25543785095215,35.08480668067932,0.8441759347915649,175.15438079833984,249.70069885253906,0.0010000000474974513,-37.13069200515747,152.26238250732422,0.0010000000474974513,86.7294692993164,498.1372833251953,0.0010000000474974513,19.68250274658203,389.0530014038086,0.0010000000474974513,75.8965539932251,501.54951095581055,0.0010000000474974513,52.94661045074463,446.2492275238037,0.0008497891249135137,-117.19141006469727,475.7672882080078,0.0010000000474974513,-49.08364772796631,507.209529876709,0.0010000000474974513,-117.19141006469727,475.7672882080078,9.999999747378752e-06,-49.08364772796631,507.209529876709,9.999999747378752e-06,-117.19141006469727,475.7672882080078,9.999999747378752e-06,-49.08364772796631,507.209529876709,9.999999747378752e-06
10,,,,,,,,,,,,,,,,,,,,,,,,,,,,,,,,,,,,,,,,,,,,,,,,,,,
11,209.93242263793945,85.94011545181274,0.9270708560943604,246.97870254516602,74.86453056335449,0.9704561829566956,195.4770278930664,36.71241760253906,0.8501376509666443,259.4978141784668,94.6975564956665,0.0010000000474974513,121.13985061645508,-9.996381103992462,0.0010000000474974513,162.66424179077148,253.97289276123047,0.0010000000474974513,-68.74579906463623,151.37945652008057,0.0010000000474974513,96.62650108337402,482.1922302246094,0.0010000000474974513,11.548259258270264,345.9293746948242,0.0010000000474974513,134.18066024780273,494.98191833496094,0.00022709506447426975,19.260690212249756,455.60351371765137,0.000607412017416209,-165.5666160583496,507.6101303100586,0.0010000000474974513,-131.17427825927734,491.65666580200195,0.0010000000474974513,-165.5666160583496,507.6101303100586,9.999999747378752e-06,-131.17427825927734,491.65666580200195,9.999999747378752e-06,-165.5666160583496,507.6101303100586,9.999999747378752e-06,-131.17427825927734,491.65666580200195,9.999999747378752e-06
12,218.08343887329102,181.10913276672363,0.4936697483062744,231.12604141235352,170.56989669799805,0.6078810095787048,203.71368408203125,167.74668216705322,0.475311279296875,240.98419189453125,179.27693367004395,0.0010000000474974513,178.40391159057617,174.41855907440186,0.40096837282180786,259.02713775634766,248.83169174194336,0.23086987435817719,146.2928295135498,251.75179481506348,0.2235233038663864,306.5096855163574,300.6513977050781,0.0010000000474974513,128.4687900543213,296.45453453063965,0.0010000000474974513,291.40380859375,248.55737686157227,0.0010000000474974513,155.7429313659668,238.3789587020874,0.0010000000474974513,245.18587112426758,457.8478145599365,0.0010000000474974513,172.5069808959961,434.9911880493164,0.0010000000474974513,268.9414405822754,552.4077987670898,0.0010000000474974513,179.20543670654297,569.4233322143555,0.0010000000474974513,268.9414405822754,552.4077987670898,9.999999747378752e-06,179.20543670654297,569.4233322143555,9.999999747378752e-06
13,316.4980697631836,19.988091588020325,0.7549853324890137,333.7657928466797,5.163868814706802,0.6784693598747253,301.8260192871094,6.312245428562164,0.7251652479171753,361.4750671386719,18.254985809326172,0.7470194697380066,285.5373954772949,20.90647280216217,0.5812321305274963,380.2326965332031,82.09132432937622,0.9000957012176514,257.2434616088867,94.83532905578613,0.8850754499435425,444.0656280517578,83.27054500579834,1.0253974199295044,165.43142318725586,93.51350784301758,0.8118600845336914,400.8638381958008,1.652294397354126,0.5611785054206848,232.00603485107422,37.79031157493591,0.7791345119476318,378.25347900390625,273.4996032714844,0.6626095175743103,278.8786506652832,287.36183166503906,0.5306556820869446,376.03607177734375,498.98998260498047,0.0010000000474974513,271.3140869140625,549.8610877990723,0.0010000000474974513,376.03607177734375,498.98998260498047,9.999999747378752e-06,271.3140869140625,549.8610877990723,9.999999747378752e-06
14,357.8227996826172,3.8831233978271484,0.0005875460337847471,244.62907791137695,-22.026454210281372,0.0010000000474974513,335.8128356933594,-21.28280818462372,0.0010000000474974513,301.2451934814453,-55.52958011627197,0.0010000000474974513,301.88560485839844,-58.771337270736694,0.0010000000474974513,303.1662178039551,23.01139533519745,0.0010000000474974513,252.5244140625,26.827057600021362,0.533738374710083,204.90362167358398,108.31335783004761,0.0010000000474974513,185.58582305908203,110.9339189529419,0.6347846984863281,154.36846733093262,45.20508885383606,0.0010000000474974513,150.36616325378418,46.1197292804718,0.7390126585960388,263.52771759033203,239.48369979858398,0.0010000000474974513,222.00618743896484,231.0774278640747,0.272372841835022,205.41759490966797,370.9908199310303,0.0010000000474974513,54.18043613433838,255.21154403686523,0.0010000000474974513,-86.06283187866211,588.4110260009766,0.0010000000474974513,89.77998733520508,322.0162296295166,0.0010000000474974513
15,,,,,,,,,,,,,,,,,,,,,,,,,,,,,,,,,,,,,,,,,,,,,,,,,,,
16,415.4252243041992,-18.35156500339508,0.0010000000474974513,428.22582244873047,-23.599401712417603,0.0010000000474974513,405.91747283935547,-28.768896460533142,0.0010000000474974513,429.40624237060547,-44.396177530288696,0.0010000000474974513,381.3357162475586,-32.49803066253662,0.0004662941792048514,417.70023345947266,-17.55273163318634,0.0010000000474974513,285.1320266723633,-100.48138618469238,0.0010000000474974513,453.49212646484375,99.98167991638184,0.0010000000474974513,242.42843627929688,13.260378241539001,0.0010000000474974513,431.8457794189453,59.069985151290894,0.0010000000474974513,279.7343063354492,28.379929661750793,0.0010000000474974513,389.3939208984375,136.73508167266846,0.7962018251419067,297.4330139160156,121.37346267700195,0.5146026611328125,390.3611373901367,286.5366268157959,0.6001452803611755,262.44579315185547,286.4923667907715,0.0010000000474974513,487.5162124633789,369.77542877197266,0.0010000000474974513,302.09333419799805,441.1424732208252,0.0010000000474974513
17,309.29765701293945,-18.822253346443176,0.0010000000474974513,324.7106170654297,-32.98158645629883,0.0010000000474974513,299.7962760925293,-33.72637867927551,0.0010000000474974513,349.49596405029297,-34.21768069267273,0.0010000000474974513,285.08352279663086,-42.090439796447754,0.0010000000474974513,387.36907958984375,43.47204566001892,0.7838040590286255,259.82337951660156,28.81451725959778,0.7249904274940491,423.6823272705078,129.52636241912842,0.7959182262420654,206.80694580078125,44.70805764198303,0.6644826531410217,408.8926315307617,127.9359769821167,0.9265375137329102,228.83695602416992,-35.13299345970154,0.0010000000474974513,364.01721954345703,232.97099590301514,0.7334730625152588,273.2261276245117,232.6449680328369,0.45078328251838684,357.28759765625,437.0142459869385,0.31737518310546875,258.92675399780273,422.9373264312744,0.0010000000474974513,355.865478515625,596.297664642334,0.0010000000474974513,283.8690948486328,589.094295501709,0.0010000000474974513
18,317.82421112060547,102.12782621383667,0.9195523262023926,331.34037017822266,88.36242198944092,0.9108217358589172,304.23959732055664,92.66407012939453,0.918195903301239,358.9775085449219,101.39281511306763,0.9402723908424377,291.6146469116211,107.54751920700073,0.5664721727371216,400.0844955444336,188.35676193237305,0.9910356998443604,274.2327117919922,175.45586585998535,0.8968349099159241,430.7096481323242,285.7634925842285,0.9584414958953857,232.6976203918457,177.05822467803955,0.7090539336204529,439.4477081298828,385.59067726135254,0.8940403461456299,263.1453514099121,71.02679014205933,0.6782929301261902,378.6503219604492,376.6643714904785,0.841675877571106,289.12763595581055,379.918270111084,0.6377890110015869,367.91980743408203,539.9064445495605,0.0010000000474974513,287.6909828186035,531.7848587036133,0.0010000000474974513,372.61104583740234,572.6564025878906,0.0010000000474974513,274.78668212890625,600.7998275756836,0.0010000000474974513
19,314.2018127441406,120.29193878173828,0.9319721460342407,326.6545104980469,106.88202381134033,0.9337809681892395,300.1687431335449,111.74711465835571,0.9137623310089111,354.41967010498047,120.65942287445068,1.0297515392303467,288.9065170288086,128.6156415939331,0.5173287391662598,392.1980667114258,203.85136127471924,0.9620765447616577,271.76502227783203,189.80469703674316,0.9102916121482849,419.55665588378906,320.19126892089844,0.6622891426086426,229.16305541992188,190.4159116744995,0.701924204826355,426.4691162109375,403.34232330322266,0.2944817841053009,260.6721878051758,86.9076418876648,0.7003852128982544,367.4241256713867,444.11845207214355,0.3723863959312439,259.576358795166,432.1817207336426,0.0010000000474974513,344.97623443603516,586.5682983398438,0.0010000000474974513,259.32140350341797,565.1651000976562,0.0010000000474974513,344.97623443603516,586.5682983398438,9.999999747378752e-06,259.32140350341797,565.1651000976562,9.999999747378752e-06
20,320.58799743652344,84.92335796356201,0.0010000000474974513,306.9507026672363,73.91382694244385,0.0010000000474974513,314.73411560058594,74.71468448638916,0.0010000000474974513,297.0546531677246,82.16104745864868,0.0010000000474974513,286.62797927856445,78.39463949203491,0.0010000000474974513,303.68566513061523,147.4916410446167,0.0010000000474974513,254.88313674926758,134.86759185791016,0.7286410331726074,224.64937210083008,217.4402904510498,0.0010000000474974513,193.53626251220703,214.03338432312012,0.9114692211151123,231.13128662109375,158.25665473937988,0.0010000000474974513,228.2939338684082,139.0098524093628,0.6201554536819458,357.9441452026367,363.85600090026855,0.0010000000474974513,277.5150489807129,348.51588249206543,0.4322877824306488,371.4542007446289,554.7964668273926,0.0010000000474974513,282.00233459472656,532.1890068054199,0.0010000000474974513,371.4542007446289,554.7964668273926,9.999999747378752e-06,282.00233459472656,532.1890068054199,9.999999747378752e-06
21,464.4979476928711,112.5780987739563,0.0010000000474974513,451.2601852416992,98.1506896018982,0.0010000000474974513,458.7153625488281,99.78644371032715,0.0010000000474974513,485.82584381103516,97.20507860183716,0.0010000000474974513,430.4374313354492,105.76035261154175,0.0010000000474974513,520.9741973876953,171.41665935516357,0.7657924294471741,391.52538299560547,169.200439453125,0.5825765132904053,547.1098709106445,259.16253089904785,0.8732069134712219,371.63909912109375,267.89039611816406,0.32184937596321106,535.615234375,357.11480140686035,0.9264642000198364,390.5913543701172,338.2408046722412,0.0010000000474974513,488.7477493286133,376.1448097229004,0.7186543941497803,411.5134811401367,372.46490478515625,0.5093739628791809,482.8784942626953,543.9335060119629,0.0010000000474974513,403.02635192871094,523.0381393432617,0.0010000000474974513,482.8784942626953,543.9335060119629,9.999999747378752e-06,393.17745208740234,594.1548728942871,0.0010000000474974513
22,509.08870697021484,158.90021324157715,0.0010000000474974513,509.4084930419922,151.54425144195557,0.0010000000474974513,505.94348907470703,154.0818214416504,0.0010000000474974513,527.9880142211914,143.80993366241455,0.0010000000474974513,497.2525405883789,154.94842529296875,0.0010000000474974513,577.9813766479492,183.9977502822876,0.6888757944107056,484.39208984375,191.28466129302979,0.7311105728149414,614.0195846557617,263.9546585083008,0.6991077661514282,476.0196304321289,266.519079208374,0.5500698685646057,597.5657272338867,359.95073318481445,0.768618643283844,481.26293182373047,338.51019859313965,0.4860747456550598,569.1721725463867,346.8925380706787,0.9641216993331909,509.644775390625,347.35196113586426,0.8094717860221863,554.7061157226562,501.41075134277344,0.0010000000474974513,506.4311218261719,509.86644744873047,0.0010000000474974513,555.3407287597656,580.8634757995605,0.0010000000474974513,515.8403778076172,585.2739715576172,0.0010000000474974513
23,,,,,,,,,,,,,,,,,,,,,,,,,,,,,,,,,,,,,,,,,,,,,,,,,,,
24,,,,,,,,,,,,,,,,,,,,,,,,,,,,,,,,,,,,,,,,,,,,,,,,,,,
25,,,,,,,,,,,,,,,,,,,,,,,,,,,,,,,,,,,,,,,,,,,,,,,,,,,
26,,,,,,,,,,,,,,,,,,,,,,,,,,,,,,,,,,,,,,,,,,,,,,,,,,,
27,,,,,,,,,,,,,,,,,,,,,,,,,,,,,,,,,,,,,,,,,,,,,,,,,,,
28,,,,,,,,,,,,,,,,,,,,,,,,,,,,,,,,,,,,,,,,,,,,,,,,,,,
29,,,,,,,,,,,,,,,,,,,,,,,,,,,,,,,,,,,,,,,,,,,,,,,,,,,
30,,,,,,,,,,,,,,,,,,,,,,,,,,,,,,,,,,,,,,,,,,,,,,,,,,,
31,,,,,,,,,,,,,,,,,,,,,,,,,,,,,,,,,,,,,,,,,,,,,,,,,,,
32,,,,,,,,,,,,,,,,,,,,,,,,,,,,,,,,,,,,,,,,,,,,,,,,,,,
33,607.3712539672852,96.36654853820801,0.8809575438499451,620.7240676879883,85.55844068527222,0.7628703713417053,595.4175567626953,87.26454019546509,0.8240580558776855,648.10791015625,98.7465763092041,0.0010000000474974513,585.5833053588867,103.09412956237793,0.0010000000474974513,681.7881774902344,166.59881114959717,0.0010000000474974513,575.5114364624023,173.18806171417236,0.0010000000474974513,667.2320556640625,257.83252716064453,0.0010000000474974513,489.98424530029297,101.89731359481812,0.0010000000474974513,625.8413696289062,252.1101951599121,0.0010000000474974513,466.8467712402344,67.33858108520508,0.0010000000474974513,638.1842041015625,388.2451057434082,0.0010000000474974513,613.4408569335938,377.2693634033203,0.0010000000474974513,637.4215316772461,521.9334411621094,0.0010000000474974513,633.3525466918945,524.5513916015625,0.0010000000474974513,637.4215316772461,521.9334411621094,9.999999747378752e-06,633.3525466918945,524.5513916015625,9.999999747378752e-06
34,,,,,,,,,,,,,,,,,,,,,,,,,,,,,,,,,,,,,,,,,,,,,,,,,,,
35,328.20159912109375,29.520919919013977,0.860944390296936,344.45533752441406,8.283067345619202,0.6519679427146912,312.0216178894043,12.290108799934387,0.7080052495002747,387.80323028564453,13.440772891044617,0.46362507343292236,298.773250579834,24.394460320472717,0.0010000000474974513,448.3579635620117,115.21333694458008,0.4139631390571594,286.617488861084,135.65320014953613,0.5229606032371521,492.92388916015625,222.47878074645996,0.44980350136756897,226.80435180664062,251.14316940307617,0.6401618123054504,417.8976058959961,269.4408416748047,0.44680091738700867,173.97361755371094,359.2375659942627,0.6398411989212036,409.46598052978516,367.9437446594238,0.24436625838279724,291.56389236450195,409.0329837799072,0.4290211498737335,383.87645721435547,540.4142761230469,0.0010000000474974513,244.10175323486328,594.2160987854004,0.0010000000474974513,383.87645721435547,540.4142761230469,9.999999747378752e-06,244.10175323486328,594.2160987854004,9.999999747378752e-06
36,277.8015327453613,23.46954882144928,0.6151182055473328,296.79508209228516,7.251318097114563,0.5536946058273315,261.91253662109375,6.900970637798309,0.5607782602310181,322.98316955566406,17.960432767868042,0.6868219375610352,240.33960342407227,13.961381614208221,0.3878540098667145,358.15441131591797,118.57198476791382,0.8654363751411438,194.13997650146484,102.95034170150757,0.7836957573890686,409.6869659423828,228.25298309326172,0.9397896528244019,145.15220642089844,218.72732162475586,0.7402415871620178,366.1225128173828,251.52016639709473,0.7903748750686646,121.08447074890137,343.53644371032715,0.6872340440750122,325.9419250488281,337.4384880065918,0.7226539850234985,221.3072967529297,354.89819526672363,0.6502892374992371,318.9883613586426,524.2501831054688,0.0010000000474974513,208.45703125,576.0007095336914,0.0010000000474974513,318.9883613586426,524.2501831054688,9.999999747378752e-06,208.45703125,576.0007095336914,9.999999747378752e-06
37,268.5215187072754,21.007266640663147,0.6486178636550903,291.99058532714844,4.154801666736603,0.5513213872909546,252.46465682983398,2.0606330037117004,0.5803554654121399,321.7406463623047,20.14318585395813,0.6589744687080383,235.53577423095703,13.421386778354645,0.2660719156265259,347.65892028808594,118.27673435211182,0.7091990113258362,190.39411544799805,104.7845721244812,0.6522843837738037,398.1011962890625,229.9482822418213,0.6999563574790955,138.65500450134277,215.80588817596436,0.6752269268035889,341.78462982177734,257.623929977417,0.5628761649131775,107.62236595153809,344.47949409484863,0.8426427245140076,316.2976837158203,336.7735004425049,0.5889362096786499,202.71785736083984,346.26033782958984,0.5816858410835266,315.1669692993164,532.2994422912598,0.0010000000474974513,189.92534637451172,562.4052429199219,0.0010000000474974513,315.1669692993164,532.2994422912598,9.999999747378752e-06,189.92534637451172,562.4052429199219,9.999999747378752e-06
38,272.06607818603516,56.484596729278564,0.5996993184089661,290.2216148376465,39.149383306503296,0.4777529239654541,254.7597885131836,39.979820251464844,0.6857967376708984,317.7817726135254,54.085693359375,0.5201196670532227,235.48303604125977,51.186286211013794,0.4155385494232178,351.0917663574219,145.61429500579834,0.7205326557159424,201.4716911315918,140.47831535339355,0.850647509098053,401.19346618652344,258.89805793762207,0.4988693594932556,152.02892303466797,249.7067356109619,0.8215733170509338,335.05199432373047,294.15398597717285,0.27900001406669617,122.00259208679199,370.3579616546631,0.7324842214584351,312.8299331665039,364.61840629577637,0.47356006503105164,219.9397850036621,358.82105827331543,0.6875296235084534,324.2706298828125,547.5135612487793,0.0010000000474974513,208.19963455200195,582.0185279846191,0.0010000000474974513,324.2706298828125,547.5135612487793,9.999999747378752e-06,208.19963455200195,582.0185279846191,9.999999747378752e-06
39,266.4948272705078,62.86952018737793,0.5485202074050903,279.92841720581055,47.0721173286438,0.3970232307910919,248.7728500366211,51.10679626464844,0.4977699816226959,306.2406349182129,58.79263401031494,0.5264783501625061,227.92131423950195,62.00063467025757,0.5348771810531616,350.19630432128906,150.98922729492188,0.9007755517959595,198.96240234375,144.7516965866089,0.8342887163162231,376.6089630126953,259.6830654144287,0.847743809223175,151.84057235717773,253.36678504943848,0.6132085919380188,370.90747833251953,353.5752582550049,0.7723836302757263,126.54190063476562,380.49779891967773,0.5529758334159851,317.7876091003418,350.8395767211914,0.7994115352630615,227.40922927856445,366.0757255554199,0.6766102910041809,302.0486068725586,557.0495223999023,0.0010000000474974513,204.0199851989746,577.7079963684082,0.0010000000474974513,302.0486068725586,557.0495223999023,9.999999747378752e-06,204.0199851989746,577.7079963684082,9.999999747378752e-06
40,338.85868072509766,82.58701801300049,0.8848406672477722,353.64978790283203,69.40348863601685,0.8582015037536621,325.1438903808594,70.8129072189331,0.9024890661239624,382.2575378417969,80.44148683547974,0.8505081534385681,310.0908088684082,82.85183429718018,0.665539026260376,416.50447845458984,175.58857440948486,0.9337357878684998,279.39117431640625,151.6122579574585,0.9105318784713745,447.91160583496094,279.1634273529053,1.0115904808044434,228.54446411132812,250.00067710876465,0.8390339612960815,395.5530548095703,345.38025856018066,0.8881014585494995,208.30907821655273,343.5220527648926,0.0010000000474974513,370.94409942626953,378.54434967041016,0.8482604622840881,273.99499893188477,350.38570404052734,0.6415235996246338,352.5459671020508,573.9555931091309,0.0010000000474974513,250.51225662231445,527.296257019043,0.0010000000474974513,352.5459671020508,573.9555931091309,9.999999747378752e-06,250.51225662231445,527.296257019043,9.999999747378752e-06
41,355.4736328125,93.13067436218262,0.7857272624969482,368.184814453125,78.1406307220459,0.7186408638954163,341.1539840698242,81.53611421585083,0.8282883763313293,398.5470199584961,86.45252466201782,0.7177602648735046,326.91341400146484,92.80134201049805,0.41385409235954285,435.115966796875,179.03107166290283,0.9449625015258789,297.8948783874512,152.25979328155518,0.8560701012611389,451.4196014404297,300.39276123046875,0.8734709620475769,239.19357299804688,244.99491691589355,0.7320764660835266,404.1332244873047,363.9316177368164,0.7281001806259155,198.75837326049805,355.33939361572266,0.5724390745162964,376.1317443847656,393.25621604919434,0.7961463332176208,277.24857330322266,371.0166549682617,0.6924984455108643,341.86134338378906,556.003532409668,0.0010000000474974513,249.85599517822266,528.7480545043945,0.0010000000474974513,341.86134338378906,556.003532409668,9.999999747378752e-06,359.51316833496094,567.0687675476074,0.000562707195058465
42,401.54102325439453,59.60883378982544,0.5080994367599487,413.9948272705078,45.02214789390564,0.49331340193748474,386.5035629272461,47.93582081794739,0.5604854822158813,439.99855041503906,53.110495805740356,0.5652093291282654,369.6865463256836,61.95216178894043,0.41849085688591003,484.13169860839844,146.9450283050537,0.9315689206123352,344.1549301147461,137.8827667236328,0.7649599313735962,527.4977874755859,258.12426567077637,0.8565411567687988,312.39208221435547,246.89346313476562,0.5433581471443176,486.97120666503906,337.03843116760254,0.7395938634872437,313.7533187866211,344.9444389343262,0.0010000000474974513,469.2646026611328,390.1311206817627,0.758991003036499,362.0201110839844,383.7187099456787,0.515414834022522,462.42149353027344,556.7926025390625,0.0010000000474974513,362.5035858154297,521.916675567627,0.0010000000474974513,462.42149353027344,556.7926025390625,9.999999747378752e-06,433.74141693115234,589.145565032959,0.0005448315641842782
43,497.15492248535156,73.32113027572632,0.8786601424217224,513.7109375,57.93688416481018,0.8634730577468872,482.3903274536133,61.071624755859375,0.9163808822631836,541.4150619506836,69.33100461959839,0.7052071690559387,464.79846954345703,74.15883779525757,0.5859048366546631,579.2669296264648,159.90939617156982,0.7113334536552429,430.4439163208008,165.29500007629395,0.7444660663604736,632.9708099365234,255.42755126953125,0.5858025550842285,395.3650665283203,273.4012699127197,0.720888078212738,600.8425521850586,351.84056282043457,0.5622302293777466,378.8750457763672,383.0462837219238,0.6293628215789795,560.0865936279297,413.9638137817383,0.5551295876502991,447.3649215698242,393.23673248291016,0.5773065686225891,538.3268356323242,571.8596076965332,0.0010000000474974513,442.7119827270508,544.7961616516113,0.0010000000474974513,538.3268356323242,571.8596076965332,9.999999747378752e-06,442.7119827270508,544.7961616516113,9.999999747378752e-06
44,481.19319915771484,101.40300035476685,0.3801204562187195,495.79906463623047,86.59600496292114,0.3903854787349701,464.4873046875,90.60399055480957,0.35476991534233093,525.6852722167969,94.62671756744385,0.44533073902130127,447.0431900024414,96.3586950302124,0.0010000000474974513,571.2654876708984,183.898344039917,0.609940230846405,426.6444396972656,178.06028366088867,0.43086814880371094,614.7886657714844,278.0419635772705,0.6298049092292786,385.2954864501953,286.3186740875244,0.34881216287612915,583.1810760498047,383.40331077575684,0.8039188981056213,365.6182861328125,397.3857307434082,0.4071902632713318,541.6748046875,427.1034049987793,0.5948343873023987,440.5527114868164,418.89464378356934,0.4479770064353943,525.9580230712891,605.4202651977539,0.0010000000474974513,415.4866027832031,586.0890769958496,0.0010000000474974513,525.9580230712891,605.4202651977539,9.999999747378752e-06,415.4866027832031,586.0890769958496,9.999999747378752e-06
45,497.8396987915039,82.36521005630493,0.0010000000474974513,438.7819290161133,73.239905834198,0.0010000000474974513,495.0045394897461,72.79433012008667,0.0010000000474974513,432.1711730957031,87.84001350402832,0.533048689365387,503.15479278564453,82.1365213394165,0.45058926939964294,398.1085968017578,164.93627071380615,0.8765004277229309,546.5951538085938,163.29769134521484,0.6798579096794128,361.93660736083984,269.8197269439697,0.6370809078216553,587.0028686523438,268.81070137023926,0.3303478956222534,352.74967193603516,368.9663887023926,0.0010000000474974513,573.5978698730469,355.3523540496826,0.0010000000474974513,417.24414825439453,387.8606700897217,0.0010000000474974513,526.1591339111328,387.0711421966553,0.0010000000474974513,405.99239349365234,562.8026962280273,0.0010000000474974513,526.2413024902344,584.7160148620605,0.0010000000474974513,405.99239349365234,562.8026962280273,9.999999747378752e-06,526.2413024902344,584.7160148620605,9.999999747378752e-06
46,415.8133316040039,43.67802143096924,0.4168543815612793,432.1862030029297,30.75130820274353,0.3826623857021332,399.02706146240234,32.51320481300354,0.4432878792285919,459.4938278198242,44.910006523132324,0.5029077529907227,382.04322814941406,47.94476866722107,0.28260478377342224,502.8139114379883,133.44812393188477,0.7755047678947449,352.95848846435547,134.53039169311523,0.7259572744369507,539.2811584472656,239.25403118133545,0.86543208360672,314.33349609375,234.56799030303955,0.6741183996200562,511.21997833251953,326.6000461578369,0.7923440933227539,294.87085342407227,344.66623306274414,0.635182797908783,473.7252426147461,369.0850639343262,0.7089932560920715,363.05519104003906,380.08103370666504,0.6049399375915527,462.4275588989258,532.1949005126953,0.0010000000474974513,351.46244049072266,563.6374282836914,0.0010000000474974513,462.4275588989258,532.1949005126953,9.999999747378752e-06,351.46244049072266,563.6374282836914,9.999999747378752e-06
47,414.86656188964844,54.784051179885864,0.9436231255531311,431.6468811035156,40.426450967788696,1.0001592636108398,399.32735443115234,40.409005880355835,0.9671909213066101,455.2511978149414,52.49026536941528,0.8886354565620422,380.14408111572266,52.770488262176514,0.8473415970802307,478.59580993652344,134.2759609222412,0.8580759167671204,346.00650787353516,137.59543418884277,0.8648034334182739,525.9724426269531,105.26959419250488,0.8048428297042847,306.56885147094727,233.09789657592773,0.8524802327156067,484.1214370727539,4.705109149217606,0.5879136323928833,292.56216049194336,335.22894859313965,0.782814085483551,460.34095764160156,367.8922462463379,0.4963560998439789,357.4032974243164,359.6476650238037,0.6922429203987122,420.9329605102539,555.142822265625,0.0010000000474974513,362.6828384399414,524.216136932373,0.0010000000474974513,420.9329605102539,555.142822265625,9.999999747378752e-06,351.77040100097656,571.2441444396973,0.0010000000474974513
48,413.54225158691406,72.2958254814148,0.939568042755127,430.39031982421875,58.64112138748169,0.9874566197395325,398.3760070800781,59.73448634147644,0.9266852140426636,457.25502014160156,72.82773971557617,0.9180759191513062,381.74339294433594,76.49759531021118,0.7473317384719849,482.14237213134766,150.2967882156372,0.8704397082328796,349.4357681274414,157.42499828338623,0.8778916001319885,532.9072570800781,121.6769027709961,0.8040304183959961,312.3835563659668,259.9759769439697,0.8618671298027039,483.8772201538086,12.589401304721832,0.606613278388977,291.28143310546875,366.1458206176758,0.8181052207946777,467.16495513916016,398.88001441955566,0.5080423355102539,368.07891845703125,388.6307430267334,0.7211655974388123,458.70079040527344,572.8795623779297,0.0010000000474974513,369.41001892089844,541.2491226196289,0.0010000000474974513,458.70079040527344,572.8795623779297,9.999999747378752e-06,338.2386779785156,611.0650634765625,0.0010000000474974513
49,414.32674407958984,100.50159931182861,0.990685224533081,430.27881622314453,84.91679191589355,0.945309579372406,398.65997314453125,87.67325162887573,0.9525418877601624,458.1807327270508,98.48986387252808,0.8896669745445251,382.5545883178711,104.84755039215088,0.6911873817443848,484.3229675292969,175.06959915161133,0.8577923774719238,357.0975875854492,183.82040977478027,0.8556254506111145,531.120719909668,145.3602933883667,0.7945943474769592,315.1177978515625,287.44288444519043,0.7733029127120972,473.4429931640625,37.3888635635376,0.6875059008598328,293.8004493713379,391.5026092529297,0.7466256022453308,475.16563415527344,415.7904624938965,0.4340423047542572,368.96453857421875,419.33690071105957,0.590087354183197,460.7666015625,595.133171081543,0.0010000000474974513,373.55003356933594,579.2597579956055,0.0010000000474974513,460.7666015625,595.133171081543,9.999999747378752e-06,373.55003356933594,579.2597579956055,9.999999747378752e-06
50,402.3599624633789,103.76700639724731,0.9781901836395264,416.4915084838867,86.62574529647827,0.9269565343856812,389.2275619506836,92.79308080673218,0.9395756125450134,452.93529510498047,95.42894124984741,0.8862927556037903,379.1770553588867,109.41821336746216,0.33196333050727844,492.44384765625,174.8275852203369,0.8269677758216858,360.3910827636719,184.3557071685791,0.8152666091918945,538.2156372070312,144.32238578796387,0.781187891960144,320.39440155029297,287.6872444152832,0.7833793759346008,470.1911163330078,30.666024684906006,0.7245259284973145,296.74964904785156,392.9410457611084,0.7463634610176086,477.9011917114258,400.18667221069336,0.4597732424736023,374.03064727783203,401.6366386413574,0.6312354803085327,458.42559814453125,581.117992401123,0.0010000000474974513,369.6846008300781,567.4752616882324,0.0010000000474974513,458.42559814453125,581.117992401123,9.999999747378752e-06,369.6846008300781,567.4752616882324,9.999999747378752e-06
51,374.47242736816406,125.76966762542725,0.518927276134491,376.5264129638672,109.74321126937866,0.47830522060394287,368.9900207519531,115.03998756408691,0.0010000000474974513,419.38995361328125,97.41627216339111,0.46151185035705566,381.07593536376953,109.83587265014648,0.0010000000474974513,500.9115982055664,149.63092803955078,0.7018088698387146,405.21026611328125,176.2296438217163,0.38522499799728394,571.138916015625,251.7125129699707,0.805504322052002,392.3681640625,282.0596694946289,0.0010000000474974513,480.1939392089844,193.57131958007812,0.6994196176528931,387.62786865234375,265.93417167663574,0.0010000000474974513,497.3850631713867,379.8181629180908,0.4638988673686981,426.3631057739258,373.3458995819092,0.23387159407138824,489.18285369873047,545.7447052001953,0.0010000000474974513,392.4678421020508,567.293586730957,0.0010000000474974513,489.18285369873047,545.7447052001953,9.999999747378752e-06,392.4678421020508,567.293586730957,9.999999747378752e-06
52,248.99234771728516,132.93391227722168,0.0010000000474974513,249.2678451538086,120.0130033493042,0.0010000000474974513,275.6171226501465,124.39694881439209,0.0010000000474974513,313.3633804321289,130.16934871673584,0.0010000000474974513,251.84106826782227,120.93930244445801,0.0010000000474974513,372.1425247192383,206.23703956604004,0.6062952280044556,223.46403121948242,196.62878036499023,0.2439478039741516,407.11551666259766,298.7801742553711,0.6480427384376526,180.81932067871094,300.35436630249023,0.0010000000474974513,366.8557357788086,364.68695640563965,0.6860647201538086,189.36391830444336,424.18564796447754,0.0010000000474974513,336.71714782714844,403.49658966064453,0.8100131750106812,247.21078872680664,401.00146293640137,0.5767207145690918,339.61360931396484,544.1559219360352,0.0010000000474974513,242.0718765258789,545.3786087036133,0.0010000000474974513,339.61360931396484,544.1559219360352,9.999999747378752e-06,242.0718765258789,545.3786087036133,9.999999747378752e-06
53,289.15658950805664,289.65911865234375,0.9079589247703552,303.9803695678711,280.3974723815918,0.972432553768158,275.7609558105469,278.58927726745605,0.92151939868927,323.03821563720703,289.02268409729004,0.8060108423233032,254.94142532348633,287.3580265045166,0.8231476545333862,339.1458511352539,370.06590843200684,0.8527891635894775,219.7755241394043,347.9724884033203,0.838991105556488,364.2916488647461,467.19411849975586,0.5960108041763306,141.5833568572998,431.51424407958984,0.8719748258590698,349.3904113769531,527.9643058776855,0.0010000000474974513,144.2021942138672,514.5163536071777,0.0010000000474974513,287.8814506530762,534.2238235473633,0.0010000000474974513,198.51037979125977,536.4693260192871,0.0010000000474974513,319.00264739990234,527.1887397766113,0.0010000000474974513,195.23601531982422,537.0331192016602,0.0010000000474974513,292.38800048828125,535.8020210266113,0.00010604057752061635,151.07735633850098,541.5755653381348,6.484609184553847e-05
54,282.9361152648926,124.18205738067627,0.822712779045105,296.2947654724121,115.27555704116821,0.8048329949378967,270.93915939331055,114.07306909561157,0.8580428957939148,312.3625183105469,131.33321285247803,0.8017932772636414,252.31678009033203,129.00831699371338,0.7751743197441101,327.84557342529297,188.47439289093018,0.8654075860977173,222.78343200683594,178.8484239578247,0.8425765633583069,349.4471740722656,223.08144092559814,0.8375715613365173,201.45647048950195,230.47561168670654,0.8668684363365173,291.96895599365234,207.87261486053467,0.5396502017974854,275.92288970947266,246.9433879852295,0.9753413200378418,308.5150718688965,306.3973903656006,0.849689781665802,229.87756729125977,302.41347312927246,0.70783931016922,352.3879623413086,381.0707187652588,0.49373629689216614,192.17121124267578,366.6019535064697,0.6087176203727722,374.8518371582031,524.1043853759766,0.0010000000474974513,182.64921188354492,509.5378303527832,0.0010000000474974513
55,251.20412826538086,79.15399074554443,0.884314775466919,264.9629783630371,68.29749584197998,0.9346585869789124,239.8392677307129,69.84053134918213,0.9802148938179016,285.9556770324707,81.50688171386719,0.9067556858062744,224.50973510742188,83.91310214996338,0.7749313116073608,310.55002212524414,141.18852138519287,0.8884336352348328,202.37371444702148,139.83452796936035,0.8577537536621094,336.6051483154297,197.00002670288086,0.9199928641319275,190.37803649902344,218.22080612182617,0.8416615724563599,235.61735153198242,205.01272201538086,0.8791194558143616,290.77144622802734,212.5135374069214,0.7740411162376404,297.63864517211914,280.98578453063965,0.8085967302322388,213.67586135864258,289.36168670654297,0.821302592754364,373.8249206542969,314.38276290893555,0.3879684805870056,180.0115203857422,360.3666400909424,0.5594326257705688,328.0839157104492,469.26464080810547,0.0010000000474974513,14.579166173934937,652.3125457763672,0.0010000000474974513
56,209.4853973388672,22.276711463928223,0.7531461715698242,223.34394454956055,7.997655272483826,0.7035664319992065,196.5703582763672,10.766971707344055,0.7054768800735474,247.02693939208984,15.648005604743958,0.7823328375816345,182.22772598266602,21.624187231063843,0.47138285636901855,282.9266929626465,81.38676881790161,0.8485299944877625,165.38280487060547,96.41735315322876,0.9021104574203491,314.75894927978516,146.2333059310913,0.8662371039390564,168.48196029663086,184.41847801208496,0.9929879903793335,210.1464080810547,165.23024082183838,0.8524865508079529,262.64400482177734,165.6199550628662,0.8207013607025146,287.28931427001953,238.25846672058105,0.8220226168632507,198.54799270629883,257.5148105621338,0.8008151054382324,358.97804260253906,299.6484661102295,0.0010000000474974513,201.25497817993164,335.4507350921631,0.0010000000474974513,343.12583923339844,445.0327777862549,0.0010000000474974513,256.5167999267578,448.97621154785156,0.0010000000474974513
57,,,,,,,,,,,,,,,,,,,,,,,,,,,,,,,,,,,,,,,,,,,,,,,,,,,
58,179.63672637939453,-83.57309103012085,9.999999747378752e-06,246.15833282470703,-67.19812631607056,9.999999747378752e-06,179.63672637939453,-83.57309103012085,9.999999747378752e-06,246.15833282470703,-67.19812631607056,0.0010000000474974513,179.63672637939453,-83.57309103012085,0.0010000000474974513,267.7411460876465,-31.219836473464966,0.0010000000474974513,134.80600357055664,-15.171001553535461,0.0010000000474974513,298.8114356994629,72.88458108901978,0.9984575510025024,128.49933624267578,100.63151836395264,0.0010000000474974513,182.21677780151367,77.89383888244629,0.8965516686439514,248.95261764526367,87.42881298065186,0.0010000000474974513,273.4992980957031,188.1040620803833,0.0010000000474974513,172.28038787841797,199.79764938354492,0.0010000000474974513,304.98003005981445,350.5257225036621,0.0010000000474974513,229.9109649658203,370.4304599761963,0.0010000000474974513,249.58942413330078,383.76502990722656,0.0010000000474974513,242.07115173339844,495.0662040710449,0.0010000000474974513
59,202.41497039794922,-15.866162180900574,0.0010000000474974513,215.880126953125,-27.3563414812088,0.0010000000474974513,180.93801498413086,-26.231737732887268,0.0010000000474974513,217.24159240722656,-50.298532247543335,0.0010000000474974513,155.51267623901367,-61.69252395629883,0.0010000000474974513,246.42704010009766,4.699572175741196,0.5882146954536438,109.00598526000977,18.041834235191345,0.7436962723731995,272.09726333618164,102.12093830108643,0.6682507395744324,106.84782981872559,130.01129150390625,0.7285497784614563,151.37985229492188,108.61023902893066,0.737971305847168,225.24343490600586,113.51102828979492,0.6916108131408691,246.07547760009766,215.44934749603271,0.8518465161323547,141.40175819396973,231.67046070098877,1.0081502199172974,282.32324600219727,361.72863006591797,0.0010000000474974513,202.96436309814453,382.82432556152344,0.0010000000474974513,269.92542266845703,448.01313400268555,0.0010000000474974513,220.48158645629883,459.7499656677246,0.0010000000474974513
60,164.24493789672852,-15.307180881500244,0.0010000000474974513,167.95228958129883,-34.10370111465454,0.0010000000474974513,147.47434616088867,-27.772897481918335,0.0010000000474974513,184.67220306396484,-52.9261314868927,0.0010000000474974513,121.03092193603516,-60.70573568344116,0.0010000000474974513,209.2692756652832,16.482224464416504,0.7686848044395447,72.39217281341553,17.11686372756958,0.7296063303947449,240.32617568969727,107.1069073677063,0.9923074245452881,69.53375339508057,139.79835033416748,0.7727829217910767,119.65627670288086,113.11459064483643,0.8730243444442749,193.37041854858398,116.25012159347534,0.7589516639709473,210.60361862182617,225.70322513580322,0.7618563175201416,119.28272247314453,240.3317642211914,0.7323165535926819,276.555118560791,299.7975540161133,0.0010000000474974513,182.7198028564453,386.08612060546875,0.0010000000474974513,254.6561622619629,450.90065002441406,0.0010000000474974513,224.34364318847656,473.73398780822754,0.0010000000474974513
61,141.30057334899902,-19.99540150165558,0.00039616753929294646,126.83124542236328,-33.19253325462341,0.0003359461552463472,128.118257522583,-25.247257947921753,0.0006945343338884413,150.1959228515625,-68.2066011428833,0.0010000000474974513,88.5011100769043,-69.61486101150513,0.0010000000474974513,188.84157180786133,-34.19888377189636,0.0010000000474974513,46.70344829559326,-9.349672794342041,0.0010000000474974513,225.6952667236328,79.2570948600769,0.0010000000474974513,57.39121437072754,118.78830671310425,0.0010000000474974513,105.09371757507324,90.35897254943848,0.0010000000474974513,171.84110641479492,94.14544343948364,0.0010000000474974513,209.4860076904297,192.7951955795288,0.7637652158737183,111.52769088745117,217.75310039520264,0.9219312071800232,272.55859375,265.93783378601074,0.3364557921886444,198.13989639282227,334.07461166381836,0.0010000000474974513,240.84796905517578,401.70616149902344,0.0010000000474974513,151.21953964233398,406.6819381713867,0.0010000000474974513
62,140.00038146972656,-23.38759481906891,0.00030679639894515276,132.62969970703125,-33.07128667831421,0.0004505783726926893,129.60744857788086,-25.80008625984192,0.0005019462550990283,154.1112518310547,-64.88924503326416,0.0010000000474974513,96.5947437286377,-78.96124362945557,0.0010000000474974513,187.83464431762695,-24.46032464504242,0.0010000000474974513,53.50724697113037,-15.000656247138977,0.0010000000474974513,221.89666748046875,74.67641115188599,0.0010000000474974513,50.23601531982422,97.51052856445312,0.0010000000474974513,100.33096313476562,76.49938344955444,0.0010000000474974513,172.95391082763672,80.74557781219482,0.0010000000474974513,196.45492553710938,163.3728790283203,0.9324492812156677,94.32551383972168,168.09458255767822,0.8225646018981934,242.5938606262207,289.80382919311523,0.0010000000474974513,89.75630760192871,270.80615043640137,0.4288278818130493,220.95727920532227,412.47496604919434,0.0010000000474974513,134.3337917327881,400.9101390838623,0.0010000000474974513
63,141.7509651184082,-21.25670850276947,0.0007325836922973394,134.9338722229004,-31.247642040252686,0.0010000000474974513,128.33646774291992,-24.526909589767456,0.0010000000474974513,154.2110538482666,-56.23909592628479,0.0010000000474974513,95.65448760986328,-67.97923564910889,0.0010000000474974513,184.06356811523438,-10.5480095744133,0.0010000000474974513,51.56001091003418,-2.843816578388214,0.0010000000474974513,222.3888397216797,72.24911212921143,0.0010000000474974513,47.35250473022461,98.9491868019104,0.0010000000474974513,105.73627471923828,78.8103461265564,0.0010000000474974513,165.49406051635742,82.37633228302002,0.0010000000474974513,188.73332977294922,161.35027885437012,0.9592610001564026,100.51529884338379,170.13782501220703,0.7985361814498901,256.13525390625,267.9009532928467,0.436577707529068,139.6601676940918,322.9571342468262,0.327820360660553,200.6722068786621,371.3474178314209,0.0010000000474974513,132.12860107421875,395.06924629211426,0.0010000000474974513
64,132.07375526428223,-17.165420651435852,0.0010000000474974513,137.11322784423828,-32.746853828430176,0.0010000000474974513,106.44113540649414,-29.890138506889343,0.0010000000474974513,150.71633338928223,-47.92531371116638,0.0010000000474974513,77.21062183380127,-53.37095260620117,0.0010000000474974513,171.9797706604004,10.937691628932953,0.7553918361663818,34.26935434341431,23.236622214317322,0.7234910130500793,198.6927604675293,78.22361469268799,1.0159424543380737,32.703187465667725,126.34903907775879,0.7890768051147461,88.55072975158691,90.39278268814087,0.8171778321266174,151.34119033813477,94.66288805007935,0.7296454310417175,184.86083984375,202.99903392791748,0.7011780142784119,90.06993293762207,216.9490385055542,0.6561548113822937,257.63980865478516,284.4588375091553,0.0010000000474974513,154.8484706878662,350.06855964660645,0.0010000000474974513,217.0722198486328,422.40689277648926,0.0010000000474974513,209.5012092590332,414.56334114074707,0.0010000000474974513
65,96.4551830291748,-23.465160727500916,0.0010000000474974513,89.26204681396484,-38.25130820274353,0.0010000000474974513,85.16883850097656,-31.873658895492554,0.0010000000474974513,125.08950233459473,-54.89479064941406,0.0010000000474974513,56.94300174713135,-52.99170970916748,0.0010000000474974513,160.58637619018555,-18.36385667324066,0.0010000000474974513,31.70490026473999,13.177268207073212,0.4804321825504303,193.49811553955078,55.70175647735596,0.0010000000474974513,28.533992767333984,117.33834028244019,0.5690869092941284,85.01598358154297,84.19430494308472,0.0010000000474974513,129.00015830993652,93.01228523254395,0.5673962235450745,183.81607055664062,147.01141834259033,0.8040685653686523,102.46800422668457,173.49788188934326,0.6845014691352844,239.9266242980957,267.49820709228516,0.3182779550552368,124.7877025604248,302.6964569091797,0.2941920757293701,251.20428085327148,370.6493282318115,0.0010000000474974513,182.22517013549805,394.8068618774414,0.0010000000474974513
66,120.25897979736328,-21.506835222244263,0.00023009990400169045,132.7692985534668,-29.174514412879944,0.0003775176592171192,113.2574462890625,-25.501590371131897,0.00017876821220852435,152.44691848754883,-59.63188648223877,0.0010000000474974513,96.9477653503418,-73.58022451400757,0.0010000000474974513,188.3808708190918,-38.51409673690796,0.0010000000474974513,56.95777416229248,-16.987355947494507,0.0010000000474974513,224.63823318481445,60.78131675720215,0.0010000000474974513,55.0221586227417,95.66248655319214,0.0010000000474974513,104.7630500793457,68.78689527511597,0.0010000000474974513,171.91181182861328,79.36557054519653,0.0010000000474974513,203.55472564697266,136.90568447113037,0.8920416831970215,115.54377555847168,160.900297164917,0.7478225231170654,251.76958084106445,273.1308174133301,0.35496339201927185,145.22833824157715,310.31270027160645,0.0010000000474974513,278.6857032775879,392.151575088501,0.0010000000474974513,190.62139511108398,406.6033172607422,0.0010000000474974513
67,107.75470733642578,-19.683052897453308,0.0002657197182998061,130.39152145385742,-30.818949937820435,0.00037557596806436777,99.4344711303711,-22.625979781150818,0.0005469057941809297,153.3877182006836,-64.05648708343506,0.0010000000474974513,89.0816879272461,-68.34536075592041,0.0010000000474974513,194.429931640625,-38.68340849876404,0.0010000000474974513,59.670653343200684,-15.5539870262146,0.0010000000474974513,228.32612991333008,61.04045391082764,0.0010000000474974513,60.437583923339844,95.71374177932739,0.0010000000474974513,110.40087699890137,70.55354118347168,0.0010000000474974513,174.69907760620117,73.26182126998901,0.0010000000474974513,208.72793197631836,141.00035190582275,0.8704943060874939,118.1517505645752,161.72050952911377,0.7033287286758423,258.08582305908203,277.88841247558594,0.35157984495162964,155.0551414489746,345.5302906036377,0.0010000000474974513,273.6802291870117,383.19628715515137,0.0010000000474974513,221.76752090454102,473.77161026000977,0.0010000000474974513
68,122.4138355255127,-23.289345502853394,0.0006492917891591787,131.31202697753906,-31.5964937210083,0.0009847732726484537,124.078369140625,-25.340750813484192,0.0010000000474974513,168.5169219970703,-57.84412622451782,0.0010000000474974513,95.06778717041016,-67.0752739906311,0.0010000000474974513,203.58888626098633,-24.085071086883545,0.0010000000474974513,59.88758087158203,-6.534253656864166,0.0010000000474974513,234.30143356323242,60.56726932525635,0.0010000000474974513,63.198609352111816,90.24094820022583,0.0010000000474974513,116.90813064575195,66.47711277008057,0.0010000000474974513,181.77301406860352,76.30554914474487,0.0010000000474974513,210.59831619262695,147.45141506195068,0.8950715065002441,120.34408569335938,165.97127437591553,0.818112313747406,259.38501358032227,300.8261489868164,0.4031403064727783,155.77898979187012,343.24962615966797,0.0010000000474974513,278.992919921875,402.3427104949951,0.0010000000474974513,186.20635986328125,469.0384769439697,0.0010000000474974513
69,161.49002075195312,-18.274129629135132,0.0010000000474974513,142.51726150512695,-36.32234573364258,0.0010000000474974513,140.45753479003906,-30.824368000030518,0.0010000000474974513,177.83309936523438,-49.06511664390564,0.0010000000474974513,106.02705955505371,-66.2014389038086,0.0010000000474974513,193.9529800415039,0.5880911462008953,0.5714482069015503,62.775254249572754,3.196241185069084,0.469801664352417,233.19002151489258,87.61811256408691,1.0329244136810303,62.356247901916504,116.91142559051514,0.6218298673629761,119.51981544494629,93.26598644256592,0.8189520239830017,186.61230087280273,91.82498216629028,0.6467094421386719,204.07089233398438,166.70571327209473,0.6222106218338013,105.24609565734863,177.66640663146973,0.5753412246704102,250.4685401916504,318.46412658691406,0.0010000000474974513,165.18033981323242,380.394229888916,0.0010000000474974513,261.36404037475586,444.0604019165039,0.0010000000474974513,168.4804344177246,543.8937950134277,0.0010000000474974513
70,116.36855125427246,0.12398139573633671,0.0010000000474974513,131.1985206604004,-14.737206995487213,0.0010000000474974513,100.97874641418457,-13.712167739868164,0.0010000000474974513,152.89027214050293,-7.4797336757183075,0.0010000000474974513,77.98264980316162,-6.528315246105194,0.0010000000474974513,179.71200942993164,61.702587604522705,0.9656117558479309,50.522193908691406,61.78816080093384,0.8981481790542603,214.43294525146484,135.82516193389893,1.078354835510254,46.3847017288208,160.2647066116333,0.8795235753059387,101.22293472290039,140.0144863128662,0.9814005494117737,159.0588092803955,138.68350982666016,0.7604180574417114,182.9164695739746,231.8901014328003,0.8178638219833374,92.64774322509766,238.12708854675293,0.8323286175727844,250.06406784057617,391.6575050354004,0.0010000000474974513,148.3285903930664,398.6235237121582,0.0010000000474974513,268.5584831237793,506.44723892211914,0.0010000000474974513,192.30974197387695,522.7563858032227,0.0010000000474974513
71,541.5401458740234,179.41655158996582,0.5019775629043579,553.2954025268555,165.61606407165527,0.44168663024902344,529.1556549072266,168.07843208312988,0.5659668445587158,576.4413070678711,171.19714736938477,0.5018205046653748,515.9462356567383,177.32987880706787,0.38855379819869995,613.65478515625,236.20280742645264,0.607528030872345,507.4625015258789,252.4621295928955,0.7631795406341553,684.2842864990234,281.7410945892334,0.0010000000474974513,533.9670944213867,335.64282417297363,0.45170387625694275,641.5731811523438,302.2844696044922,0.0010000000474974513,600.2861785888672,327.26271629333496,0.0010000000474974513,639.6020889282227,405.9090042114258,0.0010000000474974513,564.7547912597656,416.370792388916,0.0010000000474974513,605.3578186035156,599.2852020263672,0.0010000000474974513,586.6358947753906,595.1061630249023,0.0010000000474974513,605.3578186035156,599.2852020263672,9.999999747378752e-06,586.6358947753906,595.1061630249023,9.999999747378752e-06
72,299.2935371398926,386.61595344543457,0.8765564560890198,332.9605484008789,370.67996978759766,0.9658488035202026,276.7709732055664,361.18452072143555,0.8878270387649536,366.05499267578125,417.12696075439453,0.8930571675300598,234.67084884643555,392.7927589416504,0.769446074962616,374.6302795410156,576.4946937561035,0.0010000000474974513,151.93604469299316,533.1509971618652,0.0010000000474974513,362.38441467285156,537.8178977966309,0.0006871342193335295,115.45132637023926,544.7917556762695,0.0006233780877664685,319.80419158935547,497.19921112060547,7.599534001201391e-05,115.45132637023926,544.7917556762695,9.999999747378752e-06,374.6302795410156,576.4946937561035,9.999999747378752e-06,179.16236877441406,637.0742225646973,0.0004782071919180453,374.6302795410156,576.4946937561035,9.999999747378752e-06,179.16236877441406,637.0742225646973,9.999999747378752e-06,374.6302795410156,576.4946937561035,9.999999747378752e-06,179.16236877441406,637.0742225646973,9.999999747378752e-06
73,283.8448905944824,306.1841011047363,0.8979761004447937,316.9778060913086,287.03776359558105,0.9323849081993103,259.3808174133301,282.66197204589844,0.9063165783882141,356.7892074584961,333.34333419799805,1.0112438201904297,224.5069694519043,320.22451400756836,0.8473476767539978,405.6873321533203,519.2596435546875,0.0010000000474974513,114.57208633422852,441.1071968078613,0.6260809302330017,420.40172576904297,610.9939956665039,0.0010000000474974513,96.02604866027832,618.1440925598145,0.0010000000474974513,371.806640625,481.60818099975586,0.00010689778719097376,225.2880096435547,492.56080627441406,0.0005004551494494081,308.723201751709,736.4071655273438,0.0010000000474974513,118.47949028015137,763.3640098571777,0.0010000000474974513,308.723201751709,736.4071655273438,9.999999747378752e-06,118.47949028015137,763.3640098571777,9.999999747378752e-06,308.723201751709,736.4071655273438,9.999999747378752e-06,118.47949028015137,763.3640098571777,9.999999747378752e-06
74,319.8310661315918,267.9594039916992,0.8929973244667053,349.3840789794922,245.23581504821777,0.9235541224479675,293.4296226501465,240.48952102661133,0.8732055425643921,383.55289459228516,286.5267848968506,0.9839181303977966,247.70164489746094,267.387113571167,0.8542081117630005,412.26490020751953,465.92625617980957,0.6365482211112976,131.42614364624023,388.7764263153076,0.6388459205627441,464.2718505859375,618.3341217041016,0.0010000000474974513,20.224628448486328,632.7468109130859,0.0010000000474974513,438.1170654296875,493.29248428344727,0.0002125775790773332,20.224628448486328,632.7468109130859,9.999999747378752e-06,332.74478912353516,779.6427726745605,0.0010000000474974513,174.22910690307617,811.5941619873047,0.0010000000474974513,332.74478912353516,779.6427726745605,9.999999747378752e-06,174.22910690307617,811.5941619873047,9.999999747378752e-06,332.74478912353516,779.6427726745605,9.999999747378752e-06,174.22910690307617,811.5941619873047,9.999999747378752e-06
75,342.62271881103516,147.21978664398193,0.8948923349380493,374.43763732910156,126.49330615997314,0.9122710227966309,312.92396545410156,123.26718807220459,0.8771538734436035,414.7856140136719,165.69668769836426,0.9924487471580505,270.903263092041,152.3781394958496,0.8811876773834229,447.6051330566406,343.6952304840088,0.8610606789588928,164.78294372558594,280.74070930480957,0.8257911205291748,490.3446578979492,566.1722946166992,0.0010000000474974513,65.94174861907959,522.0203018188477,0.0010000000474974513,465.8759307861328,537.8300857543945,0.0006646023248322308,31.737327575683594,545.7344055175781,0.0010000000474974513,351.1252212524414,728.2650375366211,0.0010000000474974513,226.03567123413086,710.3434753417969,0.0010000000474974513,351.1252212524414,728.2650375366211,9.999999747378752e-06,226.03567123413086,710.3434753417969,9.999999747378752e-06,351.1252212524414,728.2650375366211,9.999999747378752e-06,226.03567123413086,710.3434753417969,9.999999747378752e-06
76,343.9207458496094,207.84855365753174,0.9046759605407715,375.3500747680664,185.01464366912842,0.8988028764724731,314.36426162719727,177.49925136566162,0.9768549799919128,402.33348846435547,219.38262462615967,0.8357300758361816,260.564022064209,204.25705432891846,0.9167018532752991,439.5914840698242,399.01854515075684,0.6618483066558838,149.97275352478027,334.20430183410645,0.9164056777954102,481.9948959350586,619.222583770752,0.0010000000474974513,14.844427108764648,532.2679710388184,0.0010000000474974513,305.089168548584,419.6338748931885,0.0004225735610816628,2.392452210187912,543.5720443725586,0.0010000000474974513,357.31761932373047,803.3062934875488,0.0010000000474974513,154.39613342285156,769.3742179870605,0.0010000000474974513,357.31761932373047,803.3062934875488,9.999999747378752e-06,154.39613342285156,769.3742179870605,9.999999747378752e-06,357.31761932373047,803.3062934875488,9.999999747378752e-06,154.39613342285156,769.3742179870605,9.999999747378752e-06
77,294.5020866394043,447.850399017334,0.6917809247970581,313.5717964172363,418.2271099090576,0.812725305557251,257.66170501708984,418.05782318115234,0.6245332956314087,331.57100677490234,436.8884468078613,0.0010000000474974513,197.40930557250977,440.97089767456055,0.5029445886611938,296.62986755371094,499.453067779541,0.0010000000474974513,160.38867950439453,566.9519233703613,0.0010000000474974513,330.2604293823242,530.3963470458984,0.0004348678339738399,160.38867950439453,566.9519233703613,9.999999747378752e-06,246.17521286010742,490.47374725341797,4.148393782088533e-05,160.38867950439453,566.9519233703613,9.999999747378752e-06,210.34513473510742,569.4294548034668,9.505333582637832e-05,181.32715225219727,478.99383544921875,1.4589041711587925e-05,210.34513473510742,569.4294548034668,9.999999747378752e-06,187.67175674438477,528.9993667602539,8.363131200894713e-06,210.34513473510742,569.4294548034668,9.999999747378752e-06,187.67175674438477,528.9993667602539,9.999999747378752e-06
78,217.30018615722656,394.9789810180664,0.8503764867782593,241.23655319213867,364.67230796813965,0.9773362278938293,176.74596786499023,363.4779167175293,0.8052031993865967,260.9843444824219,385.6799125671387,0.0010000000474974513,110.75836181640625,395.43883323669434,0.7371101379394531,291.59751892089844,558.2292366027832,0.0010000000474974513,27.063043117523193,588.9316177368164,0.0010000000474974513,348.94081115722656,568.4153366088867,0.0002539751585572958,27.063043117523193,588.9316177368164,9.999999747378752e-06,348.94081115722656,568.4153366088867,9.999999747378752e-06,27.063043117523193,588.9316177368164,9.999999747378752e-06,291.59751892089844,558.2292366027832,9.999999747378752e-06,27.063043117523193,588.9316177368164,9.999999747378752e-06,291.59751892089844,558.2292366027832,9.999999747378752e-06,27.063043117523193,588.9316177368164,9.999999747378752e-06,291.59751892089844,558.2292366027832,9.999999747378752e-06,27.063043117523193,588.9316177368164,9.999999747378752e-06
79,210.16054153442383,192.23376274108887,0.922805666923523,239.31581497192383,166.86887741088867,0.9687026739120483,170.41522979736328,163.57263565063477,0.9075310826301575,273.9398956298828,197.89000511169434,0.8275740742683411,110.52398681640625,201.49756908416748,0.8622745871543884,353.2513427734375,367.2115230560303,0.753695011138916,0.618308000266552,386.4214038848877,0.386958509683609,314.497127532959,609.0621185302734,0.0010000000474974513,-83.824462890625,500.12203216552734,0.0010000000474974513,314.497127532959,609.0621185302734,9.999999747378752e-06,82.13713645935059,385.4195308685303,0.00027609229437075555,269.03614044189453,811.0213851928711,0.0010000000474974513,131.2684440612793,671.8610000610352,0.0010000000474974513,269.03614044189453,811.0213851928711,9.999999747378752e-06,131.2684440612793,671.8610000610352,9.999999747378752e-06,269.03614044189453,811.0213851928711,9.999999747378752e-06,131.2684440612793,671.8610000610352,9.999999747378752e-06
80,184.22754287719727,185.68636894226074,0.8779302835464478,219.95521545410156,153.78520488739014,0.9238330721855164,148.12487602233887,152.42712020874023,0.9116270542144775,272.85160064697266,188.1210422515869,1.050844669342041,103.61814498901367,173.6510181427002,0.6923918724060059,349.34661865234375,358.084659576416,0.9012759327888489,49.32248592376709,355.36651611328125,0.582693874835968,325.4090118408203,582.4679946899414,0.0010000000474974513,-108.62946510314941,456.79853439331055,0.0010000000474974513,139.6204376220703,451.517972946167,0.0010000000474974513,-9.086797833442688,405.38037300109863,0.00040514732245355844,225.97461700439453,744.1940689086914,0.0010000000474974513,108.21513175964355,707.5090599060059,0.0010000000474974513,225.97461700439453,744.1940689086914,9.999999747378752e-06,108.21513175964355,707.5090599060059,9.999999747378752e-06,225.97461700439453,744.1940689086914,9.999999747378752e-06,108.21513175964355,707.5090599060059,9.999999747378752e-06
81,172.29436874389648,204.5234727859497,0.9136087894439697,214.4664764404297,165.28156757354736,0.9391366839408875,140.36306381225586,162.8633165359497,0.9037789702415466,277.92890548706055,185.14809608459473,1.0343796014785767,103.80210876464844,165.30524253845215,0.33525949716567993,355.5278015136719,357.01263427734375,0.9075690507888794,35.58634042739868,354.0032958984375,0.6711218357086182,281.43659591674805,618.3320045471191,0.0010000000474974513,-134.51711654663086,485.60874938964844,0.0010000000474974513,281.43659591674805,618.3320045471191,9.999999747378752e-06,-21.66175365447998,424.6963119506836,0.00022181608073879033,210.64325332641602,780.9991264343262,0.0010000000474974513,107.54212379455566,704.696044921875,0.0010000000474974513,210.64325332641602,780.9991264343262,9.999999747378752e-06,107.54212379455566,704.696044921875,9.999999747378752e-06,210.64325332641602,780.9991264343262,9.999999747378752e-06,107.54212379455566,704.696044921875,9.999999747378752e-06
